{"assets/font/font.ttf":["assets/font/font.ttf"],"assets/images/1680995688seenvideo_0_250 (5).m3u8":["assets/images/1680995688seenvideo_0_250 (5).m3u8"],"assets/images/Final.mp4":["assets/images/Final.mp4"],"assets/images/ads.png":["assets/images/ads.png"],"assets/images/ads.svg":["assets/images/ads.svg"],"assets/images/ads_selected.svg":["assets/images/ads_selected.svg"],"assets/images/bs.svg":["assets/images/bs.svg"],"assets/images/call.png":["assets/images/call.png"],"assets/images/call.svg":["assets/images/call.svg"],"assets/images/call_us.png":["assets/images/call_us.png"],"assets/images/call_us.svg":["assets/images/call_us.svg"],"assets/images/chart.png":["assets/images/chart.png"],"assets/images/chart.svg":["assets/images/chart.svg"],"assets/images/comment.svg":["assets/images/comment.svg"],"assets/images/dislike.svg":["assets/images/dislike.svg"],"assets/images/facebook.svg":["assets/images/facebook.svg"],"assets/images/gmail.svg":["assets/images/gmail.svg"],"assets/images/int.gif":["assets/images/int.gif"],"assets/images/like.svg":["assets/images/like.svg"],"assets/images/loading resized.gif":["assets/images/loading resized.gif"],"assets/images/loading.gif":["assets/images/loading.gif"],"assets/images/m3u8":["assets/images/m3u8"],"assets/images/marker.svg":["assets/images/marker.svg"],"assets/images/person.svg":["assets/images/person.svg"],"assets/images/reel.svg":["assets/images/reel.svg"],"assets/images/screen.svg":["assets/images/screen.svg"],"assets/images/search.svg":["assets/images/search.svg"],"assets/images/section.svg":["assets/images/section.svg"],"assets/images/sections.png":["assets/images/sections.png"],"assets/images/sections.svg":["assets/images/sections.svg"],"assets/images/seen.svg":["assets/images/seen.svg"],"assets/images/seen_colorsless.svg":["assets/images/seen_colorsless.svg"],"assets/images/seen_logo.svg":["assets/images/seen_logo.svg"],"assets/images/test.png":["assets/images/test.png"],"assets/images/video.mp4":["assets/images/video.mp4"],"assets/images/website.svg":["assets/images/website.svg"],"assets/images/wtf.svg":["assets/images/wtf.svg"],"assets/images/youtube.svg":["assets/images/youtube.svg"],"packages/cupertino_icons/assets/CupertinoIcons.ttf":["packages/cupertino_icons/assets/CupertinoIcons.ttf"],"packages/wakelock_web/assets/no_sleep.js":["packages/wakelock_web/assets/no_sleep.js"]}